q,lv2.1.6,lv2.1.9,lv2.2.11,lv2.2.12,lv2.2.2,lv2.2.3,lv2.2.6,lv3.1.26,lv4.1.6,lv4.2.11,lv4.2.8,lv4.2.9,lv4.4.14,lv4.4.1,lv4.4.2.17,lv4.4.3,lv6.1.1,lv6.2.12,lv6.2.18,lv6.2.20,lv6.2.5,lv6.4.12,lv6.4.17,lv6.4.1,lv6.5.2,lv6.5.4,lv6.6.11,lv6.6.19,lv6.6.1,lv6.6.20,lv7.1.1,lv7.3.18,lv7.3.19,lv7.3.24,lv7.3.25,lv7.3.3,lv7.3.5,lv7.3.7,lv7.3.8,lv10.2.12,lv13.2.12,lv13.2.3,lv13.2.9,lv13.3.10,lv13.3.3,lv13.3.4,lv13.3.9,lv14.1.10,lv14.1.11,lv14.1.13,lv14.1.18,lv14.1.23,lv18.1.4,lv18.2.12,lv18.2.3,lv18.2.4,lv18.2.6,lv18.3.10,lv18.3.11,lv18.3.5,lv2,lv3,lv4,lv5,lv6,lv7,lv8,lv9,lv10,lv13,lv14,lv15,lv16,lv17,lv18,lv26,lv31,lv32,lv33,lv39,lv45,lv60,lv63,lv64,lv66,lv73,lv79,lv81,lv96,lv97,lv99,lv103,lv109,lv111,lv113,lv115,lv116,lv121,lv125,lv153,lv154,lv157,lv160,lv167,lv170
0,1.320445927,1.438311801,1.493060753,1.372265434,1.330960999,1.438041963,1.34935079,1.271043981,1.444815009,1.454898308,1.419224253,1.439162184,1.442301671,1.438751235,1.49287477,1.441547987,1.322112904,1.450563738,1.38970192,1.469780171,1.523248687,1.383323577,1.484841534,1.490623397,1.316124246,1.439345042,1.228043706,1.312992377,1.180031363,1.360152224,1.269514262,1.400942575,1.429016889,1.297674233,1.466618365,1.324308437,1.276810265,1.424235205,1.226401511,1.133383108,1.347890783,1.442471386,1.397335369,1.41563374,1.423676947,1.357896051,1.39893685,1.241660481,1.21670545,1.425060544,1.080902648,1.271908881,1.415049233,1.451205541,1.243617978,1.457150823,1.437875319,1.278346924,1.221039135,1.401664264,1.154556658,1.159414747,1.12163349,1.140248773,1.131891512,1.137904617,1.149593332,1.118023495,1.141982701,1.254717814,1.172149372,1.137702293,1.190999785,1.157558922,1.170001445,1.169385613,1.179243061,1.21395633,1.194521731,1.181502528,1.278299283,1.183598041,1.181234359,1.226020024,1.17769466,1.149847973,1.200225085,1.132560086,1.109755787,1.175365602,1.19248273,1.209060197,1.190726032,1.210074219,1.288748675,1.155625809,1.268458462,1.235450285,1.198671119,1.18557665,1.154267878,1.209767766,1.326297948,1.200032531,1.18831394
0.11,1.3140792,1.431411308,1.490928306,1.367124011,1.32579433,1.434609067,1.345184322,1.265140399,1.443525582,1.451379401,1.414531802,1.435033657,1.441041325,1.436987863,1.490757195,1.439488726,1.315907524,1.447852526,1.384985828,1.466673803,1.520916708,1.377669275,1.483361685,1.487544625,1.309756803,1.434945176,1.222791566,1.306014174,1.175156826,1.353016932,1.263644626,1.396525404,1.425924506,1.292411301,1.464124325,1.319871102,1.271041402,1.422724374,1.221777147,1.129500481,1.343873535,1.441238571,1.392623062,1.410992272,1.419410732,1.352883838,1.392677396,1.236405021,1.211689015,1.422532294,1.078194339,1.266319782,1.412034432,1.448128191,1.23826274,1.453847927,1.433919037,1.273767456,1.215728087,1.398148935,1.15042074,1.154802074,1.11796176,1.136175253,1.127977176,1.13403639,1.145153956,1.114257904,1.137947033,1.249031242,1.167501065,1.133477429,1.185892602,1.152923162,1.165268678,1.164990297,1.174359469,1.20866255,1.189113157,1.176408602,1.271947863,1.178291533,1.176049659,1.220206691,1.172646802,1.145357278,1.194869786,1.128799835,1.106462655,1.170564727,1.187041976,1.203670897,1.18621487,1.204550339,1.282898815,1.151090342,1.262266338,1.229758964,1.193398108,1.180997694,1.150082064,1.204792773,1.319726019,1.194980827,1.183327973
0.22,1.307911142,1.424663334,1.488854449,1.362100992,1.320762821,1.431237636,1.341111735,1.259443451,1.442273788,1.447929231,1.409932764,1.430985312,1.43981761,1.435261991,1.488686274,1.437475445,1.309890644,1.445203218,1.380375585,1.463634473,1.518654688,1.3721515,1.481937223,1.484534413,1.303586622,1.430636651,1.217739623,1.299274378,1.1705019,1.346086594,1.257977301,1.392195969,1.422881794,1.287298905,1.461676856,1.315536743,1.265463853,1.421245693,1.217313604,1.125809381,1.339946119,1.440044577,1.388013569,1.406445035,1.415230597,1.347992553,1.386559998,1.231339092,1.206866712,1.420058138,1.075644902,1.26091659,1.409073342,1.445110933,1.233104163,1.450614262,1.430036645,1.269315934,1.210628584,1.39470058,1.146481021,1.150419278,1.114483767,1.132308701,1.124264521,1.130358823,1.140941517,1.110700593,1.134111597,1.243551001,1.163071561,1.129473788,1.181018129,1.148517478,1.160762566,1.160792728,1.169700745,1.203590001,1.183950683,1.171556877,1.265827408,1.173242113,1.171112828,1.214635876,1.167834986,1.141095436,1.189755494,1.125230312,1.103344572,1.165991489,1.181857474,1.198515109,1.181894847,1.199270264,1.277254013,1.146780623,1.256307146,1.224300621,1.188358408,1.176617197,1.146097132,1.200023848,1.313372551,1.190146958,1.178567848
0.33,1.301940149,1.418070114,1.486837222,1.357196447,1.315865853,1.427927083,1.337132386,1.253949984,1.441057959,1.444546747,1.405427181,1.427016598,1.43862889,1.433572337,1.486660584,1.435506624,1.304060951,1.442614011,1.375870639,1.46066067,1.51646023,1.366770209,1.480565824,1.481591114,1.297612588,1.42641874,1.212883416,1.29277057,1.166059236,1.339361694,1.252509491,1.387954286,1.419888385,1.282336103,1.459274963,1.311305217,1.260075374,1.419797944,1.213007812,1.122301758,1.336107828,1.438887769,1.383506519,1.401991972,1.411136009,1.343221799,1.38058619,1.226459076,1.202233896,1.417636549,1.073245087,1.255696889,1.40616525,1.442152611,1.228138127,1.447448371,1.426227705,1.264991341,1.205735317,1.391318595,1.142729421,1.146256581,1.111190087,1.128639708,1.120744216,1.126863556,1.136945924,1.107340842,1.130467618,1.238273304,1.15885232,1.125681148,1.176368194,1.144332377,1.156474177,1.156785725,1.16525881,1.198732255,1.179026271,1.166938217,1.259934134,1.168439987,1.166414617,1.209301261,1.163250871,1.137052447,1.184874124,1.121842591,1.100392711,1.161637097,1.176920085,1.193585638,1.177759488,1.194226241,1.271810443,1.14268714,1.25057638,1.219068949,1.183544545,1.17242836,1.142304702,1.195454692,1.307234761,1.185524012,1.174025622
0.44,1.296164109,1.41163337,1.484874714,1.352410204,1.311102532,1.424676799,1.333245525,1.248656386,1.439876501,1.441230887,1.401014954,1.423126903,1.437473602,1.431917671,1.484678743,1.433580793,1.298416655,1.440083148,1.371470293,1.457750896,1.514330997,1.361525068,1.47924525,1.478713098,1.291833024,1.422290635,1.208218158,1.286499655,1.161821309,1.332842011,1.247237925,1.383800241,1.416943896,1.27752161,1.456917664,1.307176187,1.254873264,1.418379968,1.208856453,1.118969618,1.332357861,1.43776658,1.379101389,1.397632885,1.407126355,1.338570956,1.374757074,1.221761019,1.197785644,1.415266047,1.070986059,1.25065785,1.403309443,1.439252081,1.223360197,1.444348813,1.422491721,1.260792409,1.201042671,1.388002337,1.139157926,1.142304257,1.108071519,1.125159015,1.117407093,1.123542349,1.133157187,1.104168225,1.12700643,1.233193954,1.154834784,1.122089433,1.171934479,1.140358368,1.15239455,1.152962054,1.161025471,1.194082634,1.174331625,1.162543384,1.254263719,1.163875231,1.161945642,1.20419613,1.15888595,1.133218388,1.180217392,1.118627939,1.09759851,1.157492707,1.172220472,1.188875038,1.173802251,1.189410262,1.266563906,1.138800418,1.245069042,1.214057316,1.178948814,1.168424298,1.138696463,1.191078841,1.301309348,1.181104886,1.169693228
0.55,1.29058045,1.405354327,1.482965065,1.347741856,1.306471707,1.421486149,1.329450297,1.243558645,1.438727894,1.437980585,1.396695853,1.419315553,1.436350254,1.430296811,1.482739408,1.431696535,1.292955523,1.437608919,1.367173717,1.454903669,1.512264712,1.356415464,1.477973354,1.475898753,1.28624574,1.418251451,1.203738787,1.280457928,1.15778049,1.32652666,1.242158916,1.379733598,1.414047933,1.272853823,1.454603995,1.303149139,1.24985441,1.416990655,1.204855992,1.115805076,1.328695324,1.436679504,1.374797517,1.393367441,1.403200947,1.334039193,1.369073332,1.217240672,1.193516803,1.412945196,1.068859402,1.245796273,1.400505203,1.436408214,1.218765675,1.441314161,1.418828144,1.256717642,1.196544788,1.384751132,1.135758626,1.138552695,1.105119125,1.121857559,1.114244192,1.120387121,1.129565475,1.101172648,1.123719531,1.228308406,1.151010436,1.118688771,1.16770859,1.136586032,1.148514762,1.149314479,1.156992489,1.189634272,1.169858273,1.158363114,1.248811368,1.159537882,1.157696468,1.199313448,1.154731621,1.12958347,1.17577689,1.115577855,1.094953695,1.153549495,1.16774919,1.184375684,1.170016567,1.184814148,1.261509884,1.135111084,1.23977971,1.209258839,1.174563357,1.164598095,1.135264219,1.186889711,1.295592549,1.176882354,1.165562536
0.66,1.28518618,1.399233732,1.481106466,1.343190778,1.301971986,1.418354482,1.325745752,1.238652402,1.437610689,1.434794769,1.392469517,1.415581819,1.435257428,1.428708619,1.480841276,1.429852486,1.287674928,1.43518966,1.362979951,1.452117525,1.510259164,1.351440524,1.47674807,1.473146489,1.280848079,1.414300231,1.199440025,1.274641149,1.153929104,1.320414146,1.237268413,1.375754001,1.411200091,1.268330854,1.452333013,1.299223383,1.24501534,1.415628948,1.201002721,1.112800386,1.325119239,1.435625102,1.370594109,1.389195178,1.399359021,1.329625482,1.363535243,1.212893547,1.189422045,1.410672604,1.066857121,1.241108633,1.397751817,1.433619895,1.214349646,1.438343008,1.41523637,1.252765336,1.192235621,1.381564274,1.132523754,1.134992451,1.102324253,1.118726506,1.111246795,1.117389981,1.126161168,1.09834438,1.120598608,1.223611819,1.147370851,1.115469532,1.163682125,1.133006077,1.144825979,1.145835808,1.153151632,1.185380179,1.165597648,1.154388181,1.24357189,1.15541801,1.153657684,1.194645941,1.150779257,1.126138091,1.171544156,1.11268409,1.0924503,1.149798708,1.163496765,1.180079841,1.166395884,1.180429619,1.25664359,1.131609914,1.234702616,1.204666452,1.17038023,1.160942845,1.131999927,1.182880659,1.290080198,1.172849126,1.161625416
0.77,1.279977942,1.393271874,1.479297161,1.338756138,1.297601764,1.415281126,1.322130848,1.233933003,1.436523506,1.431672364,1.388335463,1.41192492,1.43419377,1.427152007,1.478983084,1.428047331,1.282571886,1.432823757,1.358887918,1.44939102,1.508312201,1.346599132,1.475567417,1.470454743,1.27563697,1.410435951,1.195316425,1.269044609,1.150259484,1.314502407,1.232562056,1.371860982,1.40839995,1.263950551,1.45010379,1.295398072,1.240352268,1.414293839,1.197292782,1.109947978,1.321628553,1.434601994,1.366490245,1.385115511,1.395599747,1.325328613,1.358142703,1.208714958,1.185495907,1.408446924,1.064971633,1.236591129,1.395048566,1.430886025,1.210107023,1.435433966,1.411715751,1.248933597,1.18810899,1.378441029,1.12944572,1.131614288,1.099678558,1.115757285,1.108406451,1.114543258,1.122934893,1.095674069,1.117635574,1.219099113,1.143907738,1.112422368,1.159846728,1.129609386,1.141319506,1.14251893,1.149494733,1.181313297,1.16154115,1.150609458,1.23853976,1.151505783,1.149819957,1.190186167,1.147020268,1.122872878,1.167510734,1.109938671,1.090080677,1.146231718,1.159453762,1.175979725,1.162933702,1.176248363,1.251960023,1.128287883,1.22983171,1.20027297,1.16639146,1.157451693,1.12889573,1.179045019,1.284767783,1.168997893,1.157873787
0.88,1.274952052,1.387468607,1.477535444,1.334436914,1.293359231,1.412265392,1.318604462,1.229395554,1.435465026,1.428612296,1.384293093,1.408344025,1.433157992,1.42562593,1.477163606,1.426279804,1.277643099,1.430509641,1.354896432,1.446722732,1.506421739,1.341889943,1.474429494,1.467821976,1.270608974,1.406657525,1.191362417,1.263663197,1.14676402,1.308788873,1.228035223,1.368053964,1.405647081,1.259710531,1.447915417,1.291672211,1.235861141,1.412984367,1.193722204,1.107240485,1.318222139,1.43360886,1.362484892,1.381127741,1.391922229,1.321147208,1.352895248,1.204700063,1.18173284,1.406266853,1.063195767,1.232239721,1.392394736,1.428205521,1.206032591,1.432585666,1.408265588,1.245220367,1.18415863,1.375380635,1.12651713,1.128409217,1.097174019,1.112941607,1.105715,1.111839515,1.11987756,1.093152762,1.114822589,1.214765016,1.140612978,1.109538239,1.156194136,1.126387056,1.137986829,1.139356846,1.146013731,1.177426547,1.157680214,1.147017965,1.233709182,1.147791527,1.146174096,1.185926578,1.143446155,1.119778723,1.163668229,1.107333917,1.087837501,1.142840057,1.155610844,1.172067556,1.159623598,1.172262085,1.247454009,1.125136194,1.225160726,1.196071141,1.162589106,1.154117865,1.125943982,1.175376146,1.279650498,1.165321379,1.154299662
0.99,1.270104548,1.381823374,1.475819662,1.330231904,1.289242405,1.409306575,1.315165394,1.225034969,1.434433998,1.42561349,1.380341698,1.404838258,1.432148868,1.424129384,1.475381658,1.424548691,1.272884999,1.428245793,1.351004206,1.444111264,1.504585755,1.337311404,1.473332478,1.465246678,1.265760331,1.402963813,1.187572351,1.258491468,1.143435195,1.303270514,1.223683085,1.364332272,1.402941043,1.255608205,1.445767005,1.288044665,1.231537681,1.411699616,1.190286931,1.104670756,1.314898808,1.432644434,1.358576908,1.377231061,1.388325514,1.317079737,1.347792072,1.200843904,1.178127241,1.404131129,1.061522749,1.228050176,1.389789611,1.425577315,1.202121042,1.429796764,1.404885142,1.241623438,1.18037823,1.372382305,1.12373081,1.125368522,1.094802944,1.110271485,1.103164587,1.109271571,1.116980381,1.090771907,1.112152075,1.210604111,1.137478652,1.106808436,1.152716219,1.12333043,1.134819644,1.136342701,1.142700711,1.173712873,1.154006355,1.143604908,1.229074152,1.144265771,1.142711085,1.181859582,1.140048549,1.116846812,1.160008352,1.104862448,1.085713776,1.139615458,1.151958826,1.168335609,1.15645926,1.168462566,1.243120248,1.122146311,1.220683238,1.192053702,1.158965296,1.150934701,1.123137268,1.171867453,1.274723297,1.16181238,1.150895188
1.1,1.265431236,1.37633524,1.474148216,1.326139743,1.28524914,1.406403955,1.311812376,1.220846011,1.433429225,1.422674875,1.376480467,1.4014067,1.43116523,1.42266141,1.473636092,1.422852819,1.268293781,1.42603074,1.347209859,1.44155524,1.502802291,1.332861772,1.472274623,1.462727366,1.26108701,1.399353623,1.183940537,1.253523703,1.140265624,1.297943893,1.219500641,1.360695136,1.400281384,1.251640804,1.443657685,1.284514176,1.227377429,1.410438713,1.186982846,1.10223188,1.31165731,1.431707509,1.354765057,1.373424564,1.384808593,1.31312453,1.342832057,1.197141446,1.174673493,1.402038534,1.059946194,1.224018102,1.387232478,1.423000358,1.198367015,1.427065938,1.401573634,1.238140478,1.176761481,1.36944523,1.121079821,1.12248378,1.092557981,1.107739241,1.100747669,1.106832508,1.114234897,1.088523359,1.109616734,1.20661088,1.134497066,1.104224591,1.149405018,1.120431123,1.131809883,1.133469801,1.139547932,1.170165282,1.150511216,1.140361717,1.224628508,1.140919285,1.139422131,1.177977593,1.136819253,1.114068639,1.156522957,1.102517191,1.083702834,1.136549878,1.148488715,1.164776249,1.153434504,1.164841699,1.238953351,1.119309983,1.216392714,1.18821342,1.155512276,1.147895678,1.120468424,1.168512435,1.269980941,1.158463794,1.147652678
1.21,1.260927721,1.371002912,1.472519554,1.322158918,1.281377151,1.4035568,1.308544077,1.216823337,1.432449573,1.419795381,1.372708494,1.398048394,1.430205968,1.421221085,1.471925799,1.421191067,1.263865448,1.423863056,1.343511932,1.439053314,1.501069453,1.328539133,1.471254257,1.460262589,1.256584747,1.395825719,1.180461277,1.248753966,1.137248078,1.292805218,1.215482769,1.357141695,1.39766764,1.247805409,1.441586604,1.281079371,1.223375784,1.409200826,1.1838058,1.099917194,1.308496345,1.430796929,1.351048009,1.36970725,1.381370408,1.309279794,1.338013793,1.193587606,1.171365994,1.399987891,1.058460087,1.220138989,1.384722623,1.420473618,1.194765124,1.424391888,1.398330247,1.234769045,1.173302103,1.36656858,1.118557469,1.11974688,1.090432115,1.105337516,1.098457029,1.10451568,1.111632981,1.086399376,1.107209551,1.202779743,1.131660771,1.101778691,1.146252769,1.11768104,1.128949738,1.130731639,1.136547857,1.166776877,1.147186607,1.13728007,1.220365984,1.137743108,1.136298686,1.174273074,1.133750271,1.111436029,1.153204078,1.100291383,1.081798332,1.133635521,1.145191743,1.161381973,1.150543292,1.161391529,1.23494788,1.116619253,1.212282565,1.18454313,1.152222435,1.144994431,1.117930542,1.165304702,1.265418047,1.155268655,1.144564638
1.32,1.256589457,1.365824775,1.47093218,1.318287781,1.277624034,1.400764364,1.30535911,1.212961536,1.431493957,1.416973946,1.369024783,1.394762347,1.429270025,1.419807527,1.470249708,1.419562353,1.259595839,1.421741363,1.339908887,1.436604163,1.499385409,1.324341416,1.470269779,1.457850928,1.252249092,1.392378823,1.177128895,1.244176161,1.134375514,1.287850395,1.21162426,1.35367101,1.395099338,1.24409897,1.439552931,1.277738775,1.219528036,1.407985163,1.180751629,1.09772029,1.305414566,1.429911587,1.347424359,1.366078032,1.378009855,1.305543625,1.333335603,1.190177285,1.168199183,1.397978062,1.057058773,1.216408237,1.382259335,1.41799608,1.191309989,1.421773341,1.39515413,1.231506603,1.169993878,1.363751505,1.116157313,1.117150032,1.088418666,1.103059275,1.096285767,1.102314718,1.109166851,1.084392615,1.104923804,1.199105093,1.128962574,1.09946308,1.14325193,1.115072392,1.126231674,1.128121901,1.133693171,1.163540883,1.144024532,1.134351914,1.216280256,1.134728578,1.133332473,1.170738581,1.130833836,1.108941139,1.150043952,1.09817857,1.079994245,1.130864855,1.142059401,1.158145432,1.147779749,1.158104282,1.231098375,1.114066477,1.20834619,1.18103577,1.149088341,1.142224765,1.115516981,1.162237996,1.261029123,1.152220155,1.141623783
1.43,1.252411775,1.360798918,1.469384643,1.314524565,1.273987278,1.398025892,1.302256041,1.209255162,1.430561349,1.414209513,1.365428256,1.391547535,1.428356395,1.418419893,1.468606781,1.41796564,1.25548067,1.419664327,1.336399122,1.434206493,1.497748388,1.320266415,1.469319657,1.455490993,1.248075445,1.389011623,1.173937768,1.239784076,1.131641088,1.283075068,1.207919855,1.350282066,1.392575994,1.240518331,1.437555853,1.274490821,1.215829404,1.40679097,1.177816177,1.095635023,1.302410585,1.429050429,1.343892626,1.362535748,1.374725789,1.301914024,1.328795572,1.186905394,1.165167567,1.396007949,1.055736942,1.212821191,1.379841907,1.415566745,1.187996264,1.419209046,1.3920444,1.228350546,1.166830677,1.36099314,1.113873172,1.114685773,1.086511286,1.100897801,1.09422731,1.100223529,1.106829073,1.082496125,1.102753063,1.195581327,1.126395549,1.097270457,1.140395196,1.112597699,1.12364844,1.125634484,1.130976796,1.160450673,1.141017218,1.131569481,1.212364978,1.131867343,1.130515502,1.16736679,1.128062422,1.10657647,1.147035041,1.096172605,1.078284859,1.128230625,1.139083453,1.155059461,1.145138174,1.15497239,1.227399389,1.111644325,1.204577008,1.177684409,1.146102757,1.139580673,1.113221372,1.159306212,1.256808614,1.149311663,1.13882306
1.54,1.248389921,1.355923163,1.467875547,1.310867395,1.270464288,1.395340618,1.29923339,1.205698766,1.429650768,1.41150103,1.361917763,1.388402904,1.427464124,1.417057371,1.466996019,1.416399934,1.25151556,1.417630659,1.33298098,1.431859038,1.496156682,1.316311805,1.468402426,1.453181429,1.244059097,1.385722775,1.170882344,1.235571435,1.129038172,1.278474672,1.204364274,1.346973779,1.390097115,1.237060255,1.435594574,1.271333862,1.212275063,1.405617528,1.174995313,1.093655508,1.29948298,1.428212444,1.34045127,1.359079165,1.371517028,1.298388906,1.324391569,1.183766879,1.162265737,1.394076494,1.054489607,1.209373167,1.377469632,1.413184635,1.184818654,1.416697779,1.389000149,1.225298207,1.163806484,1.358292605,1.111699122,1.11234697,1.084703952,1.098846699,1.092275399,1.098236297,1.104612557,1.080703332,1.100691188,1.192202876,1.123953045,1.095193879,1.137675513,1.110249802,1.121193076,1.123263502,1.128391904,1.157499784,1.138157132,1.128925299,1.208613824,1.129151377,1.127840086,1.164150532,1.125428767,1.104334864,1.144170052,1.094267642,1.076664765,1.125725858,1.136255957,1.152117095,1.142613048,1.151988508,1.223845508,1.10934579,1.200968501,1.17448227,1.143258664,1.137056345,1.111037618,1.15650341,1.252750932,1.146536742,1.136155658
1.65,1.244519083,1.351195096,1.466403539,1.307314306,1.267052396,1.39270777,1.296289643,1.202286924,1.428761283,1.408847456,1.358492084,1.385327375,1.426592301,1.415719188,1.465416457,1.414864277,1.247696063,1.415639114,1.32965275,1.429560559,1.494608641,1.312475158,1.467516685,1.450920912,1.240195256,1.38251091,1.167957168,1.231531934,1.126560368,1.274044473,1.200952247,1.343745005,1.3876622,1.23372144,1.433668321,1.268266179,1.208860174,1.404464152,1.172284947,1.091776125,1.2966303,1.427396669,1.33709869,1.355706983,1.368382359,1.294966119,1.32012127,1.180756741,1.159488392,1.392182672,1.053312095,1.206059474,1.375141806,1.410848788,1.181771939,1.41423834,1.386020439,1.222346876,1.16091541,1.355649005,1.109629501,1.110126817,1.082990958,1.096899889,1.09042409,1.096347476,1.102510558,1.079008035,1.09873233,1.188964228,1.121628687,1.093226752,1.135086085,1.108021861,1.118858915,1.121003287,1.125931925,1.154681936,1.135436996,1.126412199,1.205020518,1.126572985,1.125298846,1.161082811,1.122925878,1.102209502,1.141441944,1.092458131,1.075128846,1.12334387,1.133569275,1.149311587,1.140199041,1.149145533,1.220431381,1.10716418,1.197514235,1.17142275,1.140549272,1.13464617,1.108959893,1.153823828,1.248850487,1.143889159,1.133615015
1.76,1.240794423,1.346612093,1.464967318,1.303863251,1.263748879,1.390126566,1.293423255,1.19901426,1.427892007,1.406247757,1.355149938,1.382319847,1.425740064,1.414404601,1.463867163,1.413357754,1.244017691,1.413688491,1.326412683,1.427309846,1.493102675,1.308753959,1.466661093,1.448708152,1.236479086,1.379374636,1.165156892,1.227659279,1.124201509,1.269779605,1.197678539,1.340594541,1.385270737,1.23049854,1.431776336,1.265285997,1.205579906,1.40333019,1.169681044,1.089991511,1.293851068,1.426602183,1.333833243,1.352417851,1.365320538,1.29164345,1.315982185,1.177870052,1.156830346,1.390325498,1.052200026,1.202875443,1.372857729,1.408558258,1.178850991,1.411829555,1.383104312,1.219493814,1.158151711,1.353061435,1.107658901,1.108018836,1.081366904,1.095051594,1.088667745,1.09455179,1.10051667,1.077404385,1.096870922,1.185859948,1.119416375,1.091362822,1.132620384,1.105907352,1.116639586,1.118848399,1.123590549,1.151991044,1.132849801,1.124023318,1.201578861,1.124124808,1.122884714,1.158156824,1.12054704,1.100193902,1.138843937,1.090738806,1.073672268,1.121078266,1.13101608,1.146636414,1.137891014,1.14643661,1.21715173,1.105093124,1.194207889,1.168499433,1.137968031,1.132344748,1.106982641,1.151261888,1.245101718,1.141362896,1.131194824
1.87,1.237211097,1.34217135,1.463565628,1.300512115,1.260550974,1.387596221,1.290632655,1.195875467,1.427042096,1.403700909,1.351889991,1.3793792,1.424906589,1.413112899,1.462347239,1.411879483,1.240475943,1.41177763,1.323258993,1.425105719,1.49163725,1.30514562,1.46583437,1.446541891,1.23290573,1.376312542,1.162476296,1.223947216,1.121955671,1.26567511,1.194537968,1.337521138,1.382922207,1.227388182,1.42991788,1.262391488,1.202429458,1.402215021,1.167179634,1.088296563,1.291143791,1.425828105,1.330653242,1.349210365,1.362330299,1.288418639,1.311971679,1.175101975,1.154286547,1.388504018,1.051149298,1.199816441,1.370616704,1.406312121,1.176050784,1.409470275,1.380250789,1.216736263,1.155509803,1.350528982,1.105782169,1.106016868,1.079826687,1.093296339,1.08700102,1.092844225,1.098624813,1.075886873,1.095101676,1.182884699,1.117310289,1.08959617,1.130272152,1.103900068,1.11452901,1.116793621,1.121361734,1.149421222,1.130388808,1.121752098,1.198282755,1.121799823,1.120590937,1.155365977,1.118285817,1.09828191,1.136369523,1.089104681,1.072290468,1.118922938,1.128589357,1.144085291,1.135684026,1.143855145,1.214001376,1.103126561,1.191043273,1.165706105,1.135508636,1.130146884,1.105100569,1.148812208,1.241499113,1.138952155,1.128889038
1.98,1.233764282,1.337869907,1.462197258,1.297258729,1.257455887,1.385115943,1.287916252,1.192865327,1.426210747,1.401205898,1.348710861,1.376504296,1.424091098,1.411843403,1.460855819,1.410428621,1.237066319,1.40990541,1.320189867,1.422947024,1.49021089,1.301647499,1.465035292,1.444420904,1.229470334,1.373323206,1.159910293,1.220389563,1.119817168,1.26172597,1.19152543,1.3345235,1.380616084,1.224386983,1.428092234,1.259580782,1.199404084,1.401118053,1.164776823,1.086686424,1.288506958,1.425073598,1.327556967,1.346083079,1.359410357,1.28528939,1.308086994,1.172447773,1.15185208,1.386717314,1.050156072,1.19687789,1.368418037,1.404109468,1.173366411,1.407159376,1.377458874,1.214071459,1.152984268,1.348050723,1.103994399,1.104115065,1.078365488,1.09162894,1.08541886,1.09122002,1.096829231,1.074450318,1.093419571,1.180033256,1.115304875,1.087921197,1.128035397,1.101994107,1.112521396,1.11483396,1.119239698,1.146966795,1.128047556,1.119592285,1.195126223,1.119591338,1.118411073,1.152703895,1.116136055,1.096467693,1.13401246,1.087551036,1.070979142,1.116872065,1.126282406,1.141652173,1.133573329,1.141394803,1.210975245,1.101258734,1.188014347,1.163036761,1.133165035,1.128047597,1.103308642,1.146469598,1.238037232,1.136651362,1.126691868
2.09,1.230449193,1.333704671,1.460861042,1.294100878,1.254460811,1.382684937,1.285272442,1.189978724,1.425397199,1.398761721,1.345611123,1.373693984,1.423292846,1.410595461,1.459392068,1.409004358,1.233784348,1.408070752,1.317203471,1.420832637,1.488822172,1.298256906,1.464262691,1.442344,1.226168073,1.370405192,1.157453943,1.216980228,1.11778056,1.257927136,1.188635912,1.331600296,1.378351835,1.221491563,1.426298693,1.256851978,1.196499099,1.400038723,1.162468802,1.085156482,1.285939049,1.424337858,1.324542673,1.343034509,1.356559405,1.282253381,1.304325271,1.169902819,1.14952218,1.384964499,1.049216759,1.194055283,1.366261039,1.401949407,1.170793089,1.40489576,1.374727556,1.211496643,1.150569863,1.345625729,1.102290924,1.102307885,1.076978759,1.090044488,1.083916484,1.089674659,1.095124477,1.073089848,1.09181985,1.177300519,1.113394849,1.086332614,1.125904397,1.100183868,1.110611235,1.112964643,1.11721892,1.144622301,1.125819862,1.117537923,1.192103425,1.11749299,1.116338988,1.150164427,1.114091879,1.094745728,1.131766779,1.086073408,1.069734235,1.114920103,1.124088838,1.139331256,1.131554372,1.139049514,1.208068386,1.099484183,1.185115235,1.160485611,1.130931424,1.126042112,1.101602077,1.144229067,1.234710726,1.134455166,1.124597779
2.2,1.227261101,1.329672444,1.459555857,1.291036313,1.25156293,1.380302406,1.282699608,1.187210657,1.424600726,1.396367387,1.342589318,1.370947103,1.422511129,1.40936845,1.457955181,1.407605918,1.230625598,1.406272613,1.314297953,1.418761463,1.487469726,1.294971122,1.46351545,1.440310018,1.222994167,1.36755706,1.155102457,1.213713235,1.115840644,1.254273558,1.185864503,1.32875016,1.376128919,1.218698555,1.424536575,1.254203151,1.193709902,1.398976495,1.160251855,1.083702362,1.283438538,1.42362012,1.321608592,1.340063144,1.353776128,1.279308271,1.300683565,1.16746261,1.147292234,1.383244718,1.048328,1.191344194,1.364145023,1.399831064,1.168326172,1.402678352,1.372055812,1.20900907,1.148261524,1.343253068,1.100667315,1.100590079,1.075662217,1.088538347,1.082489379,1.088203866,1.093505403,1.071800887,1.090298005,1.17468152,1.111575185,1.084825433,1.123873692,1.098464044,1.108793295,1.111181119,1.11529414,1.142382491,1.12369982,1.11558335,1.189208675,1.115498735,1.114368849,1.147741655,1.112147688,1.093110792,1.129626774,1.084667582,1.068551927,1.113061785,1.122002571,1.137116981,1.129622794,1.136813471,1.205275977,1.097797738,1.182340234,1.158047083,1.128802252,1.124125862,1.099976334,1.142085824,1.23151435,1.132358444,1.122601493
2.31,1.224195349,1.325769943,1.458280622,1.28806276,1.248759436,1.37796755,1.280196131,1.184556254,1.423820637,1.394021915,1.339643957,1.368262482,1.421745277,1.408161772,1.456544382,1.406232554,1.227585694,1.404509991,1.311471456,1.416732433,1.486152233,1.291787407,1.462792502,1.438317832,1.219943901,1.364777365,1.152851204,1.210582737,1.113992455,1.250760206,1.183206411,1.325971702,1.373946789,1.216004623,1.422805209,1.251632357,1.191031987,1.397930857,1.158122361,1.082319918,1.281003897,1.422919653,1.318752944,1.337167443,1.351059199,1.27645171,1.29715887,1.165122769,1.145157787,1.381557147,1.047486654,1.188740293,1.362069309,1.397753583,1.165961152,1.400506103,1.369442606,1.206606017,1.14605437,1.340931804,1.099119364,1.098956679,1.074411824,1.087106137,1.081133283,1.086803591,1.091967148,1.070579138,1.088849771,1.172171436,1.109841108,1.083394948,1.121938082,1.096829607,1.107062612,1.109479044,1.113460346,1.14024233,1.121681794,1.113723188,1.186436447,1.113602841,1.112495117,1.145429897,1.110298152,1.091557949,1.127587007,1.083329578,1.067428621,1.111292105,1.120017823,1.135004029,1.127774425,1.134681126,1.20259333,1.096194502,1.179683824,1.155715825,1.126772216,1.122294482,1.098427109,1.140035273,1.228442978,1.13035629,1.120697977
2.42,1.221247364,1.321993819,1.457034295,1.28517793,1.246047532,1.375679568,1.277760386,1.182010775,1.423056277,1.391724338,1.336773525,1.365638946,1.42099465,1.406974858,1.455158926,1.404883553,1.224660329,1.402781914,1.308722114,1.414744509,1.484868427,1.288703012,1.462092828,1.436366346,1.217012635,1.362064661,1.150695713,1.207583033,1.11223126,1.247382093,1.180656967,1.323263505,1.371804896,1.213406468,1.421103946,1.249137642,1.188460947,1.396901322,1.156076803,1.081005222,1.278633597,1.422235761,1.315973937,1.334345848,1.348407284,1.273681349,1.293748132,1.162879051,1.143114542,1.379900987,1.046689789,1.18623935,1.360033219,1.395716125,1.163693663,1.398377989,1.366886897,1.204284789,1.143943707,1.338660999,1.097643086,1.097402992,1.073223779,1.085743721,1.079844178,1.085470004,1.090505125,1.069420571,1.087471118,1.169765593,1.108188091,1.082036727,1.120092618,1.095275802,1.105414477,1.107854286,1.111712772,1.138196997,1.119760421,1.111952337,1.183781385,1.111799878,1.11071254,1.143223701,1.108538207,1.090082542,1.125642295,1.08205564,1.066360935,1.109606319,1.118129103,1.13298732,1.126005281,1.132647189,1.200015903,1.09466985,1.177140671,1.153486707,1.124836256,1.120543806,1.096950322,1.138073014,1.225491612,1.128444021,1.118882443
2.53,1.218412666,1.318340677,1.455815877,1.282379525,1.243424446,1.373437661,1.275390754,1.179569621,1.422307021,1.389473701,1.33397649,1.363075313,1.420258644,1.405807158,1.453798093,1.403558229,1.221845276,1.40108745,1.306048066,1.412796676,1.483617088,1.285715187,1.461415457,1.434454495,1.214195822,1.359417506,1.148631673,1.204708577,1.110552553,1.244134293,1.178211638,1.32062414,1.369702682,1.210900834,1.419432149,1.246717051,1.18599249,1.395887425,1.154111766,1.079754558,1.276326115,1.421567777,1.313269778,1.331596788,1.345819044,1.270994842,1.290448262,1.160727349,1.141158364,1.378275471,1.045934662,1.183837245,1.358036081,1.393717866,1.161519491,1.396293007,1.364387637,1.20204273,1.141925023,1.336439714,1.096234702,1.095924585,1.072094505,1.084447202,1.078618276,1.084199485,1.08911501,1.068321404,1.086158234,1.167459468,1.106611838,1.080746596,1.118332598,1.093798137,1.103844433,1.106302913,1.110046892,1.136241882,1.117930594,1.110265963,1.181238311,1.110084706,1.10901614,1.141117852,1.106863041,1.088680177,1.123787708,1.080842225,1.065345687,1.107999928,1.116331206,1.131062008,1.124311558,1.130706617,1.197539297,1.093219407,1.174705634,1.151354813,1.122989552,1.118869862,1.095542112,1.136194838,1.222655389,1.126617169,1.117150337
2.64,1.215686881,1.314807094,1.454624405,1.279665247,1.240887431,1.37124103,1.273085621,1.177228339,1.421572277,1.387269061,1.331251304,1.360570404,1.419536683,1.404658149,1.452461189,1.402255923,1.219136399,1.399425697,1.303447452,1.41088795,1.482397043,1.282821193,1.460759458,1.432581245,1.211489013,1.356834461,1.146654939,1.201953988,1.10895205,1.241011959,1.175866024,1.31805216,1.367639587,1.208484523,1.417789201,1.244368629,1.183622439,1.394888724,1.152223946,1.078564414,1.274079935,1.420915066,1.310638673,1.328918678,1.343293142,1.26838986,1.287256157,1.158663695,1.139285275,1.376679856,1.045218711,1.181529975,1.356077228,1.391758001,1.159434565,1.394250181,1.361943773,1.199877222,1.13999399,1.334267013,1.094890635,1.094517273,1.071020639,1.083212903,1.077452009,1.082988612,1.087792728,1.067278093,1.08490752,1.165248696,1.105108282,1.079520628,1.116653556,1.092392365,1.102348262,1.104821185,1.108458408,1.134372578,1.116187465,1.10865949,1.178802225,1.108452467,1.107401206,1.139107364,1.105268092,1.087346711,1.122018561,1.079685996,1.064379886,1.106468672,1.114619199,1.129223475,1.122689629,1.128854616,1.195159263,1.091839047,1.172373766,1.149315447,1.121227516,1.117268867,1.094198826,1.134396725,1.219929592,1.124871471,1.115497333
2.75,1.213065745,1.311389633,1.453458952,1.277032807,1.238433779,1.369088875,1.27084338,1.174982626,1.420851481,1.38510949,1.328596408,1.358123036,1.418828219,1.403527329,1.451147547,1.400976005,1.216529657,1.397795787,1.300918424,1.409017373,1.481207164,1.280018307,1.460123946,1.430745593,1.208887869,1.354314094,1.144761526,1.199314053,1.107425677,1.23801033,1.17361587,1.315546113,1.365615047,1.206154395,1.416174497,1.242090428,1.181346741,1.393904797,1.150410144,1.077431467,1.271893553,1.420277021,1.308078832,1.32630993,1.340828241,1.265864087,1.284168707,1.156684258,1.137491459,1.375113425,1.044539542,1.179313653,1.354155998,1.38983574,1.157434966,1.392248556,1.359554252,1.197785698,1.138146463,1.33214196,1.093607498,1.093177108,1.069999017,1.082037358,1.076342017,1.081834154,1.086534443,1.066287316,1.083715582,1.163129067,1.10367357,1.078355129,1.115051257,1.091054482,1.100921975,1.103405554,1.106943247,1.132584882,1.11452643,1.107128588,1.176468311,1.106898569,1.105863281,1.137187477,1.103749037,1.086078243,1.120330404,1.078583805,1.063460717,1.105008522,1.112988413,1.127467326,1.121136038,1.127086625,1.192871702,1.090524875,1.170140311,1.147364119,1.119545788,1.115737219,1.092917008,1.132674837,1.217309647,1.123202873,1.113919327
2.86,1.21054511,1.308084859,1.45231863,1.274479927,1.236060822,1.366980404,1.268662439,1.172828329,1.420144095,1.382994071,1.32601024,1.355732031,1.418132731,1.402414218,1.449856526,1.39971787,1.214021111,1.396196882,1.298459146,1.40718401,1.480046369,1.277303829,1.459508073,1.428946564,1.206388166,1.351854985,1.142947611,1.19678374,1.10596957,1.235124751,1.171457065,1.313104539,1.363628495,1.203907376,1.414587451,1.239880514,1.179161471,1.392935241,1.148667274,1.076352584,1.269765473,1.419653064,1.305588476,1.323768955,1.338423006,1.263415235,1.28118281,1.154785353,1.135773256,1.373575487,1.043894918,1.177184517,1.352271734,1.387950308,1.155516923,1.390287199,1.357218018,1.195765637,1.136378474,1.330063624,1.092382089,1.09190037,1.069026665,1.080917306,1.075285138,1.080733063,1.085336542,1.065345959,1.082579213,1.161096531,1.102304061,1.077246628,1.113521684,1.08978071,1.0995618,1.102052649,1.105497545,1.130874787,1.112943124,1.105669165,1.174231935,1.105418679,1.104398155,1.135353651,1.102301782,1.084871097,1.118719016,1.077532689,1.06258554,1.103615665,1.111434431,1.125789381,1.119647493,1.125398313,1.190672666,1.089273218,1.168000709,1.145496549,1.117940224,1.114271492,1.091693393,1.131025514,1.214791134,1.121607515,1.112412423
2.97,1.208120951,1.304889351,1.451202582,1.272004348,1.233765938,1.364914823,1.266541217,1.170761444,1.419449609,1.380921903,1.323491236,1.353396214,1.417449725,1.401318353,1.448587506,1.398480936,1.211606931,1.394628175,1.296067798,1.405386955,1.478913617,1.274675092,1.458911031,1.427183213,1.203985803,1.349455723,1.141209528,1.19435819,1.104580061,1.232350677,1.169385643,1.310725979,1.361679362,1.201740463,1.413027489,1.237736969,1.17706283,1.391979673,1.146992356,1.075324802,1.267694219,1.419042641,1.303165837,1.321294165,1.336076111,1.261041042,1.27829538,1.152963429,1.134127158,1.372065372,1.04328275,1.175138928,1.350423786,1.386100948,1.153676813,1.388365202,1.354934019,1.193814578,1.134686231,1.328031078,1.091211381,1.090683552,1.068100789,1.079849672,1.074278393,1.079682459,1.084195627,1.064451106,1.081495391,1.159147194,1.100996307,1.076191859,1.112061033,1.088567485,1.098264176,1.100759275,1.104117646,1.129238477,1.111433412,1.104277354,1.172088646,1.104008707,1.103001848,1.133601565,1.100922454,1.083721816,1.117180395,1.076529855,1.061751871,1.102286499,1.109953082,1.124185668,1.118220862,1.123785573,1.188558354,1.088080614,1.165950587,1.143708653,1.116406891,1.11286843,1.090524894,1.129445269,1.212369785,1.120081727,1.110972932
3.08,1.205789365,1.301799713,1.450109987,1.269603834,1.231546553,1.362891345,1.264478154,1.168778121,1.418767537,1.378892098,1.321037831,1.351114418,1.41677873,1.400239293,1.447339891,1.397264646,1.209283397,1.393088887,1.293742579,1.403625326,1.477807908,1.272129464,1.458332047,1.425454624,1.201676801,1.34711491,1.139543769,1.192032726,1.103253674,1.22968368,1.167397783,1.308408975,1.359767075,1.199650728,1.411494052,1.235657896,1.17504715,1.391037726,1.14538252,1.074345328,1.265678329,1.418445227,1.300809164,1.318883979,1.333786237,1.258739277,1.27550336,1.151215079,1.132549812,1.370582434,1.042701085,1.173173374,1.348611507,1.384286916,1.151911157,1.386481677,1.352701204,1.191930111,1.133066111,1.326043398,1.09009251,1.089523347,1.067218762,1.078831563,1.073318983,1.078679628,1.083108499,1.063600024,1.080461266,1.157277317,1.099747052,1.075187757,1.110665703,1.08741145,1.09702574,1.099522399,1.102800088,1.127672319,1.109993376,1.102949502,1.170034176,1.102664795,1.101670606,1.131927104,1.099607389,1.082627144,1.115710749,1.075572674,1.060957376,1.101017621,1.10854042,1.122652417,1.116853163,1.122244505,1.186525116,1.086943801,1.163985762,1.141996546,1.114942061,1.111524939,1.089408598,1.127930779,1.210041484,1.118622024,1.109597358
3.19,1.203546577,1.298812584,1.449040055,1.26727618,1.229400151,1.360909187,1.262471708,1.166874659,1.418097419,1.376903779,1.318648468,1.34888548,1.416119299,1.399176615,1.446113109,1.396068464,1.207046906,1.391578265,1.291481713,1.401898265,1.476728281,1.269664352,1.457770386,1.423759905,1.199457309,1.344831165,1.137946975,1.18980285,1.101987116,1.227119459,1.165489812,1.306152073,1.357891062,1.197635318,1.409986596,1.233641422,1.173110896,1.39010905,1.143835007,1.073411527,1.263716361,1.417860316,1.298516722,1.316536823,1.331552074,1.256507748,1.272803725,1.149537029,1.131038009,1.369126047,1.042148099,1.171284466,1.346834259,1.382507487,1.150216619,1.384635756,1.350518527,1.190109891,1.131514659,1.324099671,1.089022772,1.088416645,1.066378119,1.077860257,1.072404275,1.07772201,1.082072152,1.062790154,1.079474152,1.155483314,1.098553218,1.074231441,1.109332285,1.086309443,1.095843317,1.098339152,1.101541596,1.126172859,1.108619311,1.101682162,1.168064431,1.101383308,1.100400884,1.130326356,1.098353127,1.08158402,1.114306487,1.074658671,1.060199863,1.099805817,1.107192724,1.121186049,1.115541565,1.120771416,1.184569444,1.085859706,1.162102233,1.140356528,1.113542197,1.110238082,1.088341752,1.126478886,1.207802268,1.117225097,1.108282392
3.3,1.201388939,1.295924647,1.447992027,1.26501921,1.227324267,1.358967572,1.260520355,1.165047504,1.417438814,1.374956087,1.316321597,1.346708248,1.415471007,1.398129913,1.444906605,1.394891875,1.204893965,1.390095587,1.289283445,1.400204938,1.475673813,1.267277211,1.457225342,1.422098195,1.197323606,1.342603122,1.136415939,1.187664242,1.100777267,1.224653841,1.163658198,1.303953829,1.356050749,1.19569146,1.408504591,1.231685702,1.17125066,1.389193312,1.142347158,1.072520913,1.261806892,1.41728743,1.296286801,1.314251137,1.329372327,1.2543443,1.270193495,1.147926141,1.129588685,1.367695609,1.041622087,1.169468943,1.345091409,1.380761947,1.148590002,1.382826594,1.348384948,1.188351631,1.130028579,1.322198985,1.087999612,1.087360516,1.06557654,1.07693319,1.071531789,1.076807189,1.081083758,1.062019099,1.078531516,1.153761749,1.097411897,1.073320204,1.108057554,1.085258485,1.094713912,1.097206811,1.100339074,1.124736813,1.107307711,1.100472082,1.166175496,1.10016082,1.09918934,1.128795604,1.097156396,1.080589565,1.112964211,1.073785515,1.059477273,1.098648053,1.105906481,1.11978317,1.114283376,1.119362807,1.182687976,1.084825435,1.16029618,1.138785079,1.112203951,1.109005069,1.087321759,1.125086581,1.205648326,1.115887805,1.107024901
3.41,1.199312931,1.293132639,1.446965175,1.262830784,1.225316498,1.357065726,1.258622599,1.163293249,1.416791304,1.373048175,1.314055681,1.34458158,1.414833448,1.397098796,1.44371985,1.393734386,1.202821203,1.388640151,1.287146048,1.398544534,1.474643619,1.264965543,1.456696244,1.420468656,1.1952721,1.340429434,1.134947595,1.185612757,1.099621176,1.222282784,1.161899552,1.301812807,1.354245563,1.193816463,1.407047518,1.229788919,1.169463166,1.388290193,1.140916424,1.071671143,1.259948522,1.416726108,1.294117713,1.312025374,1.327245711,1.25224682,1.267669738,1.146379408,1.128198915,1.366290533,1.041121455,1.167723664,1.343382329,1.379049598,1.147028249,1.381053367,1.346299434,1.186653108,1.128604732,1.320340443,1.087020617,1.086352199,1.064811849,1.076047951,1.070699198,1.075932889,1.080140658,1.061284613,1.077630971,1.152109334,1.096320345,1.072451506,1.106838462,1.08425577,1.0936347,1.0961228,1.099189593,1.123361061,1.106055261,1.099316192,1.164363626,1.098994102,1.098032821,1.127331319,1.096014108,1.07964107,1.111680706,1.072951011,1.058787672,1.097541465,1.104678377,1.118440563,1.113076036,1.118015366,1.180877488,1.083838264,1.158563954,1.137278857,1.11092415,1.107823256,1.086346166,1.123751008,1.203575997,1.11460717,1.105821923
3.52,1.197315158,1.290433352,1.445958798,1.260708801,1.223374501,1.355202884,1.256776965,1.161608629,1.416154492,1.371179211,1.311849195,1.342504345,1.414206238,1.396082891,1.442552329,1.392595522,1.200825362,1.387211283,1.285067824,1.396916265,1.473636847,1.262726902,1.456182451,1.418870478,1.19329933,1.338308772,1.133539019,1.183644426,1.098516048,1.220002382,1.160210626,1.299727586,1.35247493,1.192007715,1.405614874,1.22794929,1.167745263,1.387399388,1.139540355,1.070860007,1.258139874,1.416175914,1.292007793,1.309858005,1.325170957,1.250213236,1.265229574,1.144893952,1.126865909,1.364910254,1.040644714,1.166045614,1.3417064,1.377369757,1.145528431,1.379315267,1.344260959,1.18501216,1.127240126,1.31852315,1.086083506,1.085389099,1.064082,1.075202269,1.069904309,1.075096964,1.079240353,1.060584593,1.07677027,1.150522922,1.095275968,1.07162296,1.105672126,1.083298659,1.092603014,1.095084679,1.098090387,1.122042642,1.104858832,1.098211599,1.162625242,1.097880116,1.096928357,1.125930152,1.094923349,1.078735991,1.11045293,1.072153095,1.058129242,1.096483351,1.103505284,1.117155181,1.111917117,1.116725955,1.179134895,1.082895626,1.156902078,1.135834682,1.109699792,1.106690133,1.085412658,1.122469449,1.201581767,1.113380366,1.104670654
3.63,1.195392353,1.287823643,1.444972224,1.2586512,1.221495994,1.353378287,1.254982004,1.159990519,1.415527998,1.369348374,1.309700631,1.340475424,1.413589011,1.395081839,1.44140355,1.391474826,1.1989033,1.38580833,1.283047104,1.395319366,1.472652679,1.260558897,1.455683348,1.417302873,1.19140196,1.336239826,1.132187419,1.181755447,1.097459242,1.217808863,1.158588306,1.297696759,1.350738276,1.19026269,1.404206166,1.226165067,1.166093928,1.386520606,1.138216603,1.070085423,1.256379595,1.415636429,1.289955407,1.307747519,1.323146813,1.248241526,1.262870184,1.143467017,1.125587006,1.363554225,1.04019047,1.164431896,1.340063008,1.375721756,1.144087751,1.37761151,1.342268508,1.183426693,1.125931917,1.316746225,1.085186129,1.084468771,1.063385072,1.07439401,1.069145063,1.074297391,1.078380494,1.059917069,1.075947293,1.148999508,1.09427632,1.070832325,1.104555823,1.082384665,1.091616343,1.094090141,1.097038842,1.120778744,1.103715463,1.097155574,1.160956927,1.096815999,1.095873146,1.124588925,1.093881367,1.077871934,1.109278009,1.071389822,1.057500275,1.095471162,1.102384257,1.115924137,1.110804312,1.115491609,1.177457243,1.081995109,1.155307237,1.134449538,1.108528036,1.105603319,1.084519053,1.121239323,1.199662265,1.112204716,1.103568444
3.74,1.193541375,1.28530044,1.444004808,1.256655964,1.219678758,1.351591184,1.253236296,1.158435927,1.414911462,1.367554862,1.307608497,1.338493712,1.412981418,1.394095294,1.440273038,1.390371861,1.197051991,1.384430665,1.281082252,1.393753091,1.471690333,1.258459193,1.455198351,1.41576508,1.189576786,1.334221309,1.130890138,1.179942185,1.09644826,1.215698589,1.157029612,1.295718936,1.34903503,1.188578941,1.402820915,1.224434534,1.16450626,1.385653568,1.136942914,1.069345429,1.254666357,1.415107254,1.287958949,1.305692426,1.321172043,1.246329712,1.260588809,1.142095973,1.124359671,1.362221914,1.039757421,1.162879731,1.338451546,1.374104938,1.142703536,1.375941328,1.340321075,1.181894675,1.124677398,1.315008795,1.084326451,1.083588913,1.062719259,1.073621164,1.068419523,1.07353226,1.077558871,1.059280194,1.075160044,1.14753622,1.09331909,1.070077496,1.103486979,1.081511449,1.090672317,1.093136999,1.096032488,1.119566699,1.102622362,1.096145544,1.159355422,1.095799055,1.09486455,1.123304626,1.092885567,1.077046647,1.108153225,1.070659359,1.056899167,1.094502493,1.101312518,1.114744696,1.109735432,1.114309521,1.175841704,1.081134439,1.153776272,1.13312056,1.107406194,1.104560559,1.083663288,1.120058179,1.197814262,1.111077685,1.10251279
3.85,1.191759202,1.282860738,1.443055928,1.254721118,1.217920638,1.349840831,1.251538445,1.156941995,1.414304541,1.365797882,1.305571325,1.336558117,1.412383127,1.393122927,1.439160335,1.389286205,1.195268523,1.383077678,1.279171664,1.392216719,1.470749053,1.256425511,1.4547269,1.414256357,1.187820726,1.332251956,1.129644639,1.178201165,1.095480739,1.213668058,1.155531694,1.293792744,1.347364623,1.186954105,1.401458653,1.222756017,1.162979479,1.384798007,1.135717133,1.068638176,1.252998858,1.414588007,1.286016842,1.303691259,1.31924543,1.244475863,1.258382757,1.140778301,1.123181488,1.360912807,1.039344348,1.161386454,1.336871414,1.372518661,1.141373233,1.374303972,1.338417664,1.180414137,1.123473994,1.313309999,1.083502554,1.082747361,1.062082865,1.072881841,1.067725867,1.072799776,1.076773408,1.058672238,1.074406643,1.146130315,1.092402097,1.069356496,1.102463164,1.080676808,1.0897687,1.092223186,1.095068994,1.118403978,1.101576891,1.095179084,1.15781762,1.094826746,1.093900082,1.1220744,1.0919335,1.076258018,1.107076009,1.069959984,1.056324409,1.093575077,1.100287446,1.113614271,1.108708398,1.113177036,1.174285579,1.080311476,1.152306178,1.131845031,1.106331724,1.103559714,1.08284342,1.118923691,1.196034665,1.109996867,1.101501323
3.96,1.190042934,1.280501611,1.44212499,1.252844737,1.216219543,1.348126492,1.249887088,1.155505992,1.413706909,1.364076659,1.303587665,1.334667563,1.411793824,1.392164418,1.438064999,1.38821745,1.193550094,1.381748783,1.277313769,1.390709544,1.469828117,1.254455634,1.454268462,1.412775989,1.186130823,1.330330521,1.12844851,1.17652907,1.094554447,1.2117139,1.154091825,1.291916832,1.345726486,1.185385899,1.400118924,1.221127877,1.161510921,1.383953669,1.134537193,1.06796192,1.251375823,1.414078326,1.284127542,1.301742574,1.317365775,1.2426781,1.2562494,1.139511601,1.122050158,1.359626406,1.038950111,1.159949513,1.33532202,1.370962298,1.140094407,1.372698712,1.336557294,1.178983176,1.122319258,1.311648985,1.082712626,1.081942076,1.061474296,1.072174259,1.067062381,1.072098241,1.076022154,1.05809158,1.073685316,1.144779179,1.091523283,1.068667471,1.101482079,1.079878672,1.088903388,1.091346745,1.094146156,1.117288181,1.100576559,1.094253908,1.156340556,1.093896685,1.092977399,1.120895543,1.091022856,1.075504055,1.106043934,1.069290072,1.055774583,1.092686773,1.099306574,1.112530413,1.107721237,1.112091646,1.172786287,1.079524208,1.150894093,1.130620372,1.105302222,1.102598757,1.082057613,1.117833648,1.194320516,1.108959988,1.100531805
4.07,1.188389788,1.27822021,1.441211422,1.251024938,1.214573444,1.346447439,1.248280887,1.154125308,1.413118253,1.362390429,1.30165609,1.33282099,1.411213207,1.391219461,1.436986606,1.387165208,1.191894012,1.380443412,1.27550703,1.389230885,1.468926831,1.252547403,1.453822525,1.41132328,1.184504239,1.328455784,1.127299451,1.174922733,1.093667274,1.209832876,1.152707402,1.29008987,1.344120054,1.183872122,1.398801283,1.219548515,1.160098036,1.383120309,1.133401117,1.06731502,1.249796003,1.413577861,1.282289535,1.299844951,1.315531901,1.240934591,1.254186185,1.138293578,1.120963494,1.358362228,1.038573643,1.158566462,1.333802778,1.369435232,1.138864731,1.371124834,1.334738994,1.177599951,1.121210866,1.310024914,1.081954956,1.08117114,1.060892054,1.071496745,1.066427453,1.071426058,1.075303272,1.0575367,1.072994394,1.143480316,1.090680705,1.068008674,1.100541556,1.079115088,1.088074392,1.090505827,1.093261895,1.116217031,1.099619015,1.093367861,1.154921411,1.093006623,1.092094294,1.119765491,1.090151458,1.07478289,1.105054707,1.068648095,1.055248358,1.091835565,1.098367576,1.111490804,1.106772078,1.111050977,1.171341361,1.078770738,1.149537296,1.129444136,1.104315416,1.101675765,1.081304135,1.116785952,1.192668984,1.10796489,1.099602122
4.18,1.186797094,1.276013764,1.440314675,1.249259891,1.212980376,1.344802956,1.246718536,1.152797455,1.412538278,1.360738444,1.299775201,1.331017355,1.410640991,1.390287762,1.435924745,1.386129101,1.190297692,1.379161015,1.273749947,1.387780076,1.468044526,1.250698718,1.453388602,1.409897556,1.182938255,1.326626549,1.126195277,1.173379132,1.092817226,1.208021875,1.151375938,1.28831055,1.342544765,1.182410649,1.397505295,1.218016372,1.158738385,1.382297693,1.132307013,1.066695929,1.248258177,1.413086281,1.280501341,1.297996999,1.313742648,1.239243554,1.252190624,1.137122044,1.119919411,1.357119802,1.038213944,1.157234964,1.332313111,1.36793686,1.137681991,1.369581643,1.332961806,1.176262683,1.120146608,1.308436959,1.081227927,1.080432746,1.060334731,1.070847722,1.065819568,1.070781719,1.074615037,1.057006173,1.072332303,1.142231348,1.08987253,1.06737847,1.099639545,1.078384221,1.087279842,1.089698678,1.092414246,1.115188374,1.098702042,1.092518911,1.153557498,1.092154442,1.091248686,1.118681819,1.089317251,1.074092764,1.104106162,1.068032611,1.05474448,1.091019548,1.09746826,1.110493251,1.105859145,1.110052787,1.169948449,1.078049283,1.148233199,1.128314004,1.103369158,1.10078892,1.080581352,1.115778614,1.191077364,1.107009533,1.098710276
4.29,1.185262295,1.273879581,1.43943422,1.247547809,1.211438438,1.343192332,1.245198758,1.151520058,1.411966701,1.359119969,1.297943619,1.329255628,1.410076903,1.389369037,1.434879022,1.385108767,1.188758653,1.377901063,1.272041053,1.386356471,1.467180564,1.248907543,1.452966227,1.408498163,1.181430264,1.32484164,1.125133906,1.171895389,1.092002419,1.206277913,1.150095061,1.286577586,1.341000061,1.180999436,1.396230537,1.21652993,1.157429636,1.381485596,1.131253074,1.066103187,1.246761151,1.412603269,1.278761514,1.296197352,1.311996881,1.237603257,1.250260305,1.135994912,1.11891593,1.355898674,1.037870079,1.155952781,1.330852446,1.366466593,1.136544072,1.368068458,1.331224787,1.174969655,1.119124387,1.306884305,1.080530013,1.079725193,1.059801002,1.070225706,1.0652373,1.070163804,1.073955825,1.056498662,1.071697559,1.141030008,1.089097025,1.066775318,1.098774111,1.077684343,1.08651797,1.088923644,1.091601354,1.114200163,1.097823546,1.091705144,1.152246259,1.09133815,1.090438617,1.117642229,1.088518298,1.073432023,1.10319625,1.067442264,1.054261771,1.090236928,1.09660656,1.109535678,1.104980753,1.109094956,1.168605304,1.077358163,1.146979343,1.127227777,1.102461415,1.099936494,1.079887721,1.114809744,1.189543069,1.106091983,1.097854378
4.4,1.183782941,1.271815053,1.438569553,1.245886957,1.209945789,1.341614868,1.243720306,1.15029085,1.411403253,1.357534282,1.296159995,1.327534801,1.409520684,1.388463015,1.433849055,1.384103858,1.187274515,1.376663042,1.270378917,1.384959444,1.466334329,1.247171899,1.452554955,1.407124468,1.179977772,1.32309991,1.124113357,1.170468759,1.091221072,1.204598129,1.148862504,1.284889718,1.339485386,1.179636515,1.394976594,1.215087708,1.15616956,1.380683804,1.130237569,1.065535422,1.245303759,1.412128522,1.277068642,1.294444671,1.310293483,1.236012018,1.248392886,1.134910191,1.117951167,1.354698402,1.037541172,1.154717774,1.329420221,1.365023852,1.135448961,1.366584617,1.329527009,1.173719211,1.118142212,1.30536615,1.079859773,1.079046882,1.059289623,1.069629298,1.064679306,1.069570972,1.073324109,1.056012914,1.071088765,1.139874138,1.088352558,1.066197772,1.097943425,1.077013826,1.085787112,1.088179157,1.090821469,1.113250461,1.096981551,1.090924754,1.150985262,1.09055587,1.08966224,1.116644545,1.087752772,1.072799112,1.102323039,1.066875774,1.053799121,1.089486011,1.095780528,1.108616123,1.104135301,1.108175479,1.167309781,1.076695795,1.145773389,1.126183369,1.101590268,1.099116854,1.079221787,1.11387755,1.188063631,1.10521041,1.097032644
4.51,1.182356685,1.269817651,1.437720185,1.244275648,1.208500652,1.340069873,1.242281965,1.149107672,1.410847677,1.355980675,1.294423005,1.325853882,1.408972086,1.387569431,1.432834478,1.383114035,1.185842997,1.375446455,1.268762145,1.383588382,1.465505231,1.245489869,1.452154359,1.405775856,1.17857839,1.321400231,1.123131748,1.169096627,1.090471504,1.202979781,1.147676108,1.283245711,1.33800019,1.178319989,1.393743064,1.213688271,1.154956026,1.379892108,1.129258848,1.064991337,1.243884864,1.411661749,1.275421344,1.292737648,1.308631363,1.234468204,1.246586097,1.133865984,1.11702333,1.353518556,1.0372264,1.153527899,1.328015881,1.363608071,1.134394737,1.365129473,1.327867556,1.172509753,1.11719819,1.303881704,1.079215845,1.078396302,1.058799422,1.069057182,1.064144322,1.069001959,1.072718454,1.055547752,1.0705046,1.138761681,1.087637584,1.065644472,1.097145761,1.07637114,1.085085698,1.087463734,1.090072936,1.112337433,1.096174191,1.090176038,1.149772191,1.089805834,1.088917816,1.115686709,1.087018951,1.072192568,1.101484701,1.066331937,1.053355489,1.088765199,1.09498833,1.107732727,1.103321273,1.107292462,1.166059834,1.076060691,1.144613116,1.125178803,1.100753902,1.09832845,1.078582174,1.11298033,1.186636691,1.10436308,1.096243387
4.62,1.180981282,1.267884927,1.436885651,1.242712243,1.207101309,1.338556668,1.240882548,1.147968465,1.410299729,1.354458455,1.292731354,1.324211895,1.408430874,1.386688033,1.431834936,1.382138976,1.184461913,1.374250821,1.267189377,1.382242694,1.464692703,1.243859596,1.451764033,1.40445173,1.177229835,1.319741504,1.122187289,1.167776503,1.089752125,1.201420242,1.146533813,1.281644354,1.336543927,1.177048037,1.392529551,1.212330219,1.153787,1.379110311,1.128315331,1.064469711,1.242503356,1.411202674,1.273818277,1.291075,1.307009447,1.232970232,1.244837741,1.132860483,1.116130716,1.352358719,1.036924994,1.152381203,1.326638878,1.362218696,1.133379572,1.363702392,1.326245531,1.171339741,1.116290526,1.302430191,1.078596942,1.077772034,1.058329299,1.068508118,1.06363116,1.068455571,1.072137506,1.055102073,1.069943823,1.137690679,1.086950647,1.06511414,1.096379488,1.075754841,1.084412245,1.086775973,1.089354193,1.111459336,1.095399708,1.089457393,1.148604846,1.089086378,1.088203704,1.11476677,1.086315211,1.071611014,1.10067951,1.065809614,1.052929892,1.088072983,1.094228235,1.106883734,1.102537229,1.106444114,1.164853514,1.075451448,1.143496413,1.124212205,1.099950601,1.097569813,1.077967585,1.11211647,1.185259997,1.103548353,1.095485014
4.73,1.179654584,1.266014513,1.436065501,1.241195151,1.205746101,1.337074582,1.239520899,1.146871267,1.409759176,1.35296694,1.291083774,1.322607885,1.407896823,1.385818576,1.430850087,1.381178366,1.183129169,1.373075674,1.265659289,1.380921801,1.4638962,1.242279281,1.451383587,1.403151513,1.175929923,1.318122652,1.121278277,1.166506017,1.089061434,1.199917,1.145433656,1.280084462,1.335116055,1.175818908,1.391335672,1.211012197,1.152660541,1.378338221,1.12740551,1.063969393,1.241158151,1.410751033,1.272258131,1.289455475,1.305426687,1.231516567,1.243145691,1.131891964,1.115271706,1.351218483,1.036636232,1.151275819,1.325288671,1.360855183,1.132401725,1.362302759,1.324660047,1.170207692,1.115417517,1.301010848,1.078001848,1.07717274,1.057878215,1.067980938,1.0631387,1.067930683,1.071579994,1.054674839,1.069405261,1.136659266,1.08629037,1.064605575,1.095643063,1.075163571,1.083765356,1.086114545,1.088663765,1.110614522,1.09465644,1.088767303,1.147481133,1.088395935,1.087518361,1.113882885,1.085640017,1.071053153,1.099905835,1.065307736,1.052521406,1.087407943,1.093498614,1.106067481,1.101781801,1.105628742,1.163688959,1.074866743,1.142421276,1.123281796,1.099178743,1.096839552,1.077376792,1.111284439,1.183931402,1.102764674,1.094756017
4.84,1.178374537,1.264204121,1.435259305,1.239722829,1.204433426,1.335622956,1.238195894,1.14581421,1.409225794,1.351505462,1.289479023,1.321040915,1.407369719,1.384960826,1.4298796,1.380231903,1.18184276,1.371920562,1.264170594,1.379625142,1.463115201,1.240747182,1.451012649,1.401874644,1.174676567,1.316542621,1.120403094,1.165282914,1.08839801,1.19846765,1.144373766,1.278564878,1.333716037,1.174630918,1.39016105,1.209732885,1.151574794,1.377575656,1.126527946,1.063489299,1.239848197,1.410306573,1.270739628,1.287877852,1.303882058,1.23010572,1.241507892,1.130958787,1.114444762,1.350097456,1.036359436,1.150209968,1.323964729,1.359517002,1.131459537,1.360929971,1.323110239,1.169112177,1.114577543,1.299622925,1.077429414,1.076597158,1.057445195,1.067474541,1.062665887,1.067426232,1.07104472,1.054265078,1.068887806,1.135665669,1.085655454,1.064117645,1.09493503,1.074596049,1.083143712,1.085478194,1.088000258,1.109801427,1.09394282,1.088104342,1.146399063,1.087733028,1.086860327,1.113033307,1.084991925,1.070517768,1.099162133,1.06482529,1.05212916,1.086768733,1.092797927,1.105282394,1.101053694,1.104844745,1.162564393,1.074305331,1.141385799,1.122385894,1.098436795,1.096136347,1.07680864,1.110482783,1.182648856,1.102010572,1.094054972
4.95,1.177139178,1.262451541,1.434466648,1.238293781,1.203161741,1.334201139,1.236906437,1.144795513,1.408699373,1.350073367,1.287915893,1.319510065,1.406849358,1.384114553,1.428923158,1.379299294,1.180600768,1.370785049,1.262722037,1.378352172,1.462349202,1.239261618,1.450650863,1.400620577,1.173467773,1.315000386,1.119560201,1.164105045,1.087760514,1.197069892,1.14335236,1.27708447,1.332343344,1.173482452,1.389005319,1.208491007,1.150527992,1.376822438,1.125681264,1.063028404,1.238572466,1.409869051,1.269261526,1.286340936,1.302374554,1.228736253,1.239922359,1.130059388,1.113648422,1.348995251,1.036093971,1.149181949,1.322666526,1.35820363,1.130551428,1.359583439,1.321595252,1.168051822,1.113769071,1.298265688,1.076878555,1.076044099,1.057029321,1.066987888,1.062211727,1.066941217,1.070530554,1.053871874,1.068390416,1.134708199,1.08504467,1.063649286,1.094254012,1.074051071,1.082546069,1.084865731,1.087362355,1.10901857,1.093257367,1.087467161,1.145356743,1.087096264,1.086228231,1.112216382,1.084369571,1.070003708,1.098446947,1.064361323,1.051752336,1.086154087,1.092124725,1.104526986,1.100351675,1.104090609,1.161478126,1.073766039,1.140388173,1.121522899,1.097723306,1.095458948,1.076262032,1.109710121,1.181410402,1.101284653,1.093380533
5.06,1.175946629,1.26075464,1.433687133,1.236906559,1.201929557,1.332808493,1.235651461,1.14381348,1.40817971,1.348670013,1.286393199,1.318014436,1.406335545,1.383279539,1.427980453,1.378380258,1.179401355,1.369668709,1.261312402,1.377102358,1.461597722,1.23782096,1.450297888,1.399388785,1.172301635,1.313494941,1.118748137,1.162970368,1.087147676,1.195721527,1.142367738,1.275642132,1.330997449,1.172371957,1.387868118,1.207285323,1.149518445,1.376078397,1.124864151,1.062585742,1.237329958,1.409438237,1.267822617,1.284843562,1.300903195,1.227406771,1.238387174,1.129192278,1.112881294,1.347911495,1.03583924,1.148190139,1.321393547,1.356914559,1.129675894,1.35826259,1.320114252,1.167025303,1.112990643,1.296938414,1.076348242,1.075512442,1.056629726,1.06652,1.061775284,1.066474688,1.070036435,1.053494367,1.067912106,1.133785247,1.084456857,1.063199499,1.093598709,1.073527499,1.081971251,1.08427603,1.086748811,1.108264545,1.092598684,1.08685449,1.144352374,1.086484333,1.085620777,1.111430547,1.083771668,1.069509893,1.097758901,1.063914935,1.05139016,1.085562806,1.091477639,1.103799846,1.099674577,1.103364902,1.160428544,1.073247759,1.139426681,1.120691299,1.097036906,1.094806169,1.075735935,1.108965145,1.180214174,1.100585597,1.092731426
5.17,1.174795096,1.259111362,1.432920377,1.23555976,1.200735438,1.331444388,1.23442993,1.142866496,1.40766661,1.347294772,1.284909788,1.316553146,1.405828094,1.382455571,1.427051187,1.37747452,1.178242765,1.368571132,1.259940502,1.375875186,1.460860296,1.236423638,1.449953399,1.398178755,1.171176334,1.312025307,1.117965511,1.16187694,1.086558298,1.194420456,1.141418283,1.274236786,1.329677834,1.171297944,1.386749099,1.206114634,1.148544546,1.37534337,1.124075355,1.062160404,1.2361197,1.409013909,1.266421725,1.283384597,1.299467022,1.226115926,1.236900488,1.128356038,1.11214206,1.346845824,1.035594682,1.147232989,1.320145283,1.355649289,1.128831503,1.356966863,1.318666417,1.166031349,1.112240875,1.295640395,1.075837504,1.075001131,1.056245595,1.066069954,1.061355675,1.066025753,1.069561362,1.05313175,1.067451945,1.132895284,1.083890918,1.062767339,1.09296789,1.073024263,1.081418149,1.083708026,1.086158451,1.107538021,1.091965452,1.086265129,1.143384249,1.085895996,1.085036741,1.110674319,1.083197002,1.069035304,1.097096692,1.063485275,1.051041905,1.084993761,1.09085538,1.10309964,1.099021288,1.102666272,1.159414108,1.07274945,1.138499691,1.119889655,1.096376296,1.094176886,1.075229372,1.108246611,1.179058394,1.099912154,1.092106448
5.28,1.173682865,1.257519723,1.432166014,1.234252025,1.199578002,1.330108208,1.233240838,1.141953024,1.407159891,1.345947026,1.283464534,1.315125332,1.405326829,1.381642444,1.426135072,1.376581818,1.177123318,1.367491918,1.258605189,1.374670151,1.460136481,1.235068133,1.449617082,1.39698999,1.170090133,1.310590529,1.117211001,1.160822913,1.085991248,1.19316467,1.140502454,1.272867378,1.328383984,1.170258983,1.385647918,1.204977776,1.147604757,1.374617198,1.12331368,1.06175153,1.234940747,1.408595857,1.265057707,1.281962934,1.298065099,1.224862414,1.235460516,1.127549318,1.111429462,1.345797882,1.035359771,1.146309022,1.318921234,1.354407331,1.128016892,1.355695709,1.317250944,1.165068735,1.111518456,1.294370936,1.075345422,1.074509167,1.055876159,1.065636878,1.060952069,1.065593565,1.06910439,1.052783263,1.067009055,1.132036855,1.083345817,1.062351919,1.092360392,1.072540351,1.080885716,1.083160709,1.085590163,1.106837735,1.091356424,1.085697944,1.142450741,1.085330088,1.084474972,1.109946295,1.082644425,1.068578979,1.096459088,1.063071542,1.050706884,1.084445882,1.090256729,1.102425107,1.098390756,1.101993436,1.158433351,1.072270125,1.137605652,1.119116606,1.095740251,1.093570033,1.074741419,1.107553339,1.177941363,1.099263138,1.091504458
5.39,1.172608299,1.255977812,1.431423689,1.232982042,1.198455918,1.328799344,1.232083204,1.1410716,1.406659375,1.344626174,1.28205634,1.31373015,1.404831579,1.380839959,1.425231832,1.375701895,1.176041408,1.366430679,1.257305346,1.373486764,1.459425848,1.233752981,1.449288641,1.395822006,1.169041374,1.309189675,1.116483353,1.159806527,1.085445453,1.191952252,1.139618782,1.271532884,1.327115393,1.169253705,1.384564241,1.203873623,1.146697616,1.373899729,1.122577984,1.061358308,1.233792177,1.408183876,1.263729453,1.280577496,1.296696512,1.223644975,1.234065538,1.126770831,1.110742308,1.344767323,1.035134012,1.145416828,1.317720908,1.353188207,1.127230762,1.354448595,1.315867045,1.164136286,1.110822138,1.293129357,1.074871127,1.074035611,1.055520695,1.065219952,1.06056368,1.065177327,1.068664629,1.05244819,1.066582607,1.131208573,1.082820571,1.061952404,1.091775114,1.072074812,1.080372961,1.082633122,1.085042896,1.10616249,1.090770424,1.085151866,1.141550307,1.084785509,1.083934382,1.109245148,1.082112857,1.068140016,1.095844926,1.062672977,1.05038445,1.08391816,1.089680536,1.101775051,1.09778198,1.101345182,1.157484874,1.071808858,1.136743093,1.11837086,1.09512761,1.092984598,1.074271201,1.106884208,1.176861463,1.098637427,1.090924378
